item,number,capital,fuel_cost_mi,mo_cost_mi,mo_cost_year,lifespan
d_bus,605,152400,0.8357832,0.3504,45454.27,8
cng_bus,47,201360,0.4683168,0.3,31359.95,8
e_bus,3,430800,0.079212,0.2196,6155.48,8
hybrid,33,500000,0.45,0.3504,45454.27,8
UVX (hybrid),21,1000000,0.6,0.4,50000,8
trolley,4,152400,0.8357832,0.3504,45454.27,8